{
  "id": "1487009",
  "name": "referee",
  "font_family": "iconfont",
  "css_prefix_text": "icon-",
  "description": "裁判员管理",
  "glyphs": [
    {
      "icon_id": "538867",
      "name": "列表",
      "font_class": "table-list",
      "unicode": "e614",
      "unicode_decimal": 58900
    },
    {
      "icon_id": "771507",
      "name": "赛事",
      "font_class": "game-fill",
      "unicode": "e62b",
      "unicode_decimal": 58923
    },
    {
      "icon_id": "827644",
      "name": "列表",
      "font_class": "card-list",
      "unicode": "e65e",
      "unicode_decimal": 58974
    },
    {
      "icon_id": "869729",
      "name": "系统中心",
      "font_class": "system2-fill",
      "unicode": "e6ca",
      "unicode_decimal": 59082
    },
    {
      "icon_id": "1014926",
      "name": "推荐",
      "font_class": "recommend",
      "unicode": "e60e",
      "unicode_decimal": 58894
    },
    {
      "icon_id": "1469220",
      "name": "filter",
      "font_class": "filter",
      "unicode": "e858",
      "unicode_decimal": 59480
    },
    {
      "icon_id": "2858982",
      "name": "赛事",
      "font_class": "game",
      "unicode": "e62a",
      "unicode_decimal": 58922
    },
    {
      "icon_id": "4481914",
      "name": "裁判",
      "font_class": "referee-fill",
      "unicode": "e61f",
      "unicode_decimal": 58911
    },
    {
      "icon_id": "4875305",
      "name": "系统",
      "font_class": "system",
      "unicode": "e60c",
      "unicode_decimal": 58892
    },
    {
      "icon_id": "6138096",
      "name": "培训",
      "font_class": "peixun",
      "unicode": "e635",
      "unicode_decimal": 58933
    },
    {
      "icon_id": "6507456",
      "name": "首页",
      "font_class": "shouye",
      "unicode": "e641",
      "unicode_decimal": 58945
    },
    {
      "icon_id": "6804451",
      "name": "Filter",
      "font_class": "Filter",
      "unicode": "e8ab",
      "unicode_decimal": 59563
    },
    {
      "icon_id": "6907137",
      "name": "单位",
      "font_class": "unit2",
      "unicode": "e600",
      "unicode_decimal": 58880
    },
    {
      "icon_id": "7587499",
      "name": "用户",
      "font_class": "user",
      "unicode": "e601",
      "unicode_decimal": 58881
    },
    {
      "icon_id": "7667355",
      "name": "单位",
      "font_class": "unit-fill",
      "unicode": "e659",
      "unicode_decimal": 58969
    },
    {
      "icon_id": "8159853",
      "name": "权限管理",
      "font_class": "auth",
      "unicode": "e637",
      "unicode_decimal": 58935
    },
    {
      "icon_id": "8351881",
      "name": "统计",
      "font_class": "tongji",
      "unicode": "e6ae",
      "unicode_decimal": 59054
    },
    {
      "icon_id": "8663721",
      "name": "裁判",
      "font_class": "referee2",
      "unicode": "e693",
      "unicode_decimal": 59027
    },
    {
      "icon_id": "8663806",
      "name": "裁判",
      "font_class": "referee",
      "unicode": "e694",
      "unicode_decimal": 59028
    },
    {
      "icon_id": "9715318",
      "name": "系统中心",
      "font_class": "system-fill",
      "unicode": "e633",
      "unicode_decimal": 58931
    },
    {
      "icon_id": "9981668",
      "name": "单位",
      "font_class": "unit",
      "unicode": "e702",
      "unicode_decimal": 59138
    }
  ]
}
